{
  "index.html": [
    {
      "id": "3d0b60faba3181902ebe602443b556df",
      "name": "aaa",
      "comment": "aa",
      "date": "2024-09-04T14:06:29.860Z",
      "userId": "1snco2vcz9ij44w0n7q0pw4"
    }
  ],
  "eaglecraft-server-create.html": [
    {
      "id": "771bef7d76b9732231fd53b91d96fe62",
      "name": "a",
      "comment": "<p>a<p>",
      "date": "2024-09-04T14:13:17.763Z",
      "userId": "1snco2vcz9ij44w0n7q0pw4"
    },
    {
      "id": "979c41280cc01b3e4c8b3f6fe724d7a3",
      "name": "a",
      "comment": "a",
      "date": "2024-09-04T14:17:28.567Z",
      "userId": "1snco2vcz9ij44w0n7q0pw4"
    },
    {
      "id": "a3e7ea8e58b60a5f905b13fb9c641c47",
      "name": "aa",
      "comment": "aaa",
      "date": "2024-09-04T14:20:14.670Z",
      "userId": "1snco2vcz9ij44w0n7q0pw4"
    },
    {
      "id": "3fbe960836bc4b126fe082aa863ab536",
      "name": "aaa",
      "comment": "&lt;/html&gt;",
      "date": "2024-09-04T14:20:26.953Z",
      "userId": "1snco2vcz9ij44w0n7q0pw4"
    }
  ]
}